A,B,C
BananarePublic,패션의류 여성의류 블라우스,https://bananarepublic.gap.com/browse/product.do?pid=884101022
BananarePublic,패션의류 여성의류 블라우스,https://bananarepublic.gap.com/browse/product.do?pid=883843012
BananarePublic,패션의류 여성의류 블라우스,https://bananarepublic.gap.com/browse/product.do?pid=450744002
BananarePublic,패션의류 여성의류 블라우스,https://bananarepublic.gap.com/browse/product.do?pid=884267022
BananarePublic,패션의류 여성의류 블라우스,https://bananarepublic.gap.com/browse/product.do?pid=883840012
BananarePublic,패션의류 여성의류 블라우스,https://bananarepublic.gap.com/browse/product.do?pid=883833022
BananarePublic,패션의류 여성의류 블라우스,https://bananarepublic.gap.com/browse/product.do?pid=883811002
BananarePublic,패션의류 여성의류 블라우스,https://bananarepublic.gap.com/browse/product.do?pid=883969022
BananarePublic,패션의류 여성의류 블라우스,https://bananarepublic.gap.com/browse/product.do?pid=883825002
BananarePublic,패션의류 여성의류 블라우스,https://bananarepublic.gap.com/browse/product.do?pid=450772012
BananarePublic,패션의류 여성의류 블라우스,https://bananarepublic.gap.com/browse/product.do?pid=450732002
BananarePublic,패션의류 여성의류 블라우스,https://bananarepublic.gap.com/browse/product.do?pid=882768032
BananarePublic,패션의류 여성의류 블라우스,https://bananarepublic.gap.com/browse/product.do?pid=882765022
BananarePublic,패션의류 여성의류 블라우스,https://bananarepublic.gap.com/browse/product.do?pid=401361002
BananarePublic,패션의류 여성의류 블라우스,https://bananarepublic.gap.com/browse/product.do?pid=580376002
BananarePublic,패션의류 여성의류 블라우스,https://bananarepublic.gap.com/browse/product.do?pid=885629042
BananarePublic,패션의류 여성의류 블라우스,https://bananarepublic.gap.com/browse/product.do?pid=450731002
BananarePublic,패션의류 여성의류 블라우스,https://bananarepublic.gap.com/browse/product.do?pid=450738002
BananarePublic,패션의류 여성의류 블라우스,https://bananarepublic.gap.com/browse/product.do?pid=450180002
BananarePublic,패션의류 여성의류 블라우스,https://bananarepublic.gap.com/browse/product.do?pid=883988052
BananarePublic,패션의류 여성의류 블라우스,https://bananarepublic.gap.com/browse/product.do?pid=450252012
BananarePublic,패션의류 여성의류 블라우스,https://bananarepublic.gap.com/browse/product.do?pid=580316032
BananarePublic,패션의류 여성의류 블라우스,https://bananarepublic.gap.com/browse/product.do?pid=450057022
BananarePublic,패션의류 여성의류 블라우스,https://bananarepublic.gap.com/browse/product.do?pid=885624042
BananarePublic,패션의류 여성의류 블라우스,https://bananarepublic.gap.com/browse/product.do?pid=882706012
BananarePublic,패션의류 여성의류 블라우스,https://bananarepublic.gap.com/browse/product.do?pid=883923002
BananarePublic,패션의류 여성의류 블라우스,https://bananarepublic.gap.com/browse/product.do?pid=882704042
BananarePublic,패션의류 여성의류 블라우스,https://bananarepublic.gap.com/browse/product.do?pid=817539022
BananarePublic,패션의류 여성의류 블라우스,https://bananarepublic.gap.com/browse/product.do?pid=445730012
BananarePublic,패션의류 여성의류 블라우스,https://bananarepublic.gap.com/browse/product.do?pid=755528062
BananarePublic,패션의류 여성의류 블라우스,https://bananarepublic.gap.com/browse/product.do?pid=836722002
BananarePublic,패션의류 여성의류 블라우스,https://bananarepublic.gap.com/browse/product.do?pid=758559002
BananarePublic,패션의류 여성의류 블라우스,https://bananarepublic.gap.com/browse/product.do?pid=836887042
BananarePublic,패션의류 여성의류 블라우스,https://bananarepublic.gap.com/browse/product.do?pid=884009002
BananarePublic,패션의류 여성의류 블라우스,https://bananarepublic.gap.com/browse/product.do?pid=443429042
BananarePublic,패션의류 여성의류 블라우스,https://bananarepublic.gap.com/browse/product.do?pid=755617012
BananarePublic,패션의류 여성의류 블라우스,https://bananarepublic.gap.com/browse/product.do?pid=758562002
BananarePublic,패션의류 여성의류 블라우스,https://bananarepublic.gap.com/browse/product.do?pid=883962012
BananarePublic,패션의류 여성의류 블라우스,https://bananarepublic.gap.com/browse/product.do?pid=890933002
BananarePublic,패션의류 여성의류 블라우스,https://bananarepublic.gap.com/browse/product.do?pid=883911022
BananarePublic,패션의류 여성의류 블라우스,https://bananarepublic.gap.com/browse/product.do?pid=889559012
BananarePublic,패션의류 여성의류 블라우스,https://bananarepublic.gap.com/browse/product.do?pid=817642022
BananarePublic,패션의류 여성의류 블라우스,https://bananarepublic.gap.com/browse/product.do?pid=885641022
BananarePublic,패션의류 여성의류 블라우스,https://bananarepublic.gap.com/browse/product.do?pid=885620022
BananarePublic,패션의류 여성의류 블라우스,https://bananarepublic.gap.com/browse/product.do?pid=450811012
BananarePublic,패션의류 여성의류 블라우스,https://bananarepublic.gap.com/browse/product.do?pid=836009122
BananarePublic,패션의류 여성의류 블라우스,https://bananarepublic.gap.com/browse/product.do?pid=884312012
BananarePublic,패션의류 여성의류 블라우스,https://bananarepublic.gap.com/browse/product.do?pid=882697012
BananarePublic,패션의류 여성의류 블라우스,https://bananarepublic.gap.com/browse/product.do?pid=450770002
BananarePublic,패션의류 여성의류 블라우스,https://bananarepublic.gap.com/browse/product.do?pid=888391032
BananarePublic,패션의류 여성의류 블라우스,https://bananarepublic.gap.com/browse/product.do?pid=883888002
BananarePublic,패션의류 여성의류 블라우스,https://bananarepublic.gap.com/browse/product.do?pid=883987012
BananarePublic,패션의류 여성의류 블라우스,https://bananarepublic.gap.com/browse/product.do?pid=891509012
BananarePublic,패션의류 여성의류 블라우스,https://bananarepublic.gap.com/browse/product.do?pid=883998002
BananarePublic,패션의류 여성의류 블라우스,https://bananarepublic.gap.com/browse/product.do?pid=755664032
BananarePublic,패션의류 여성의류 블라우스,https://bananarepublic.gap.com/browse/product.do?pid=817568002
BananarePublic,패션의류 여성의류 블라우스,https://bananarepublic.gap.com/browse/product.do?pid=429197012
BananarePublic,패션의류 여성의류 블라우스,https://bananarepublic.gap.com/browse/product.do?pid=817579012
BananarePublic,패션의류 여성의류 블라우스,https://bananarepublic.gap.com/browse/product.do?pid=884284012
BananarePublic,패션의류 여성의류 블라우스,https://bananarepublic.gap.com/browse/product.do?pid=817558012
BananarePublic,패션의류 여성의류 블라우스,https://bananarepublic.gap.com/browse/product.do?pid=416673002
BananarePublic,패션의류 여성의류 블라우스,https://bananarepublic.gap.com/browse/product.do?pid=884117002
BananarePublic,패션의류 여성의류 블라우스,https://bananarepublic.gap.com/browse/product.do?pid=884292012
BananarePublic,패션의류 여성의류 블라우스,https://bananarepublic.gap.com/browse/product.do?pid=884213022
BananarePublic,패션의류 여성의류 블라우스,https://bananarepublic.gap.com/browse/product.do?pid=758514012
BananarePublic,패션의류 여성의류 블라우스,https://bananarepublic.gap.com/browse/product.do?pid=817566002
BananarePublic,패션의류 여성의류 블라우스,https://bananarepublic.gap.com/browse/product.do?pid=882776002
BananarePublic,패션의류 여성의류 블라우스,https://bananarepublic.gap.com/browse/product.do?pid=884270012
BananarePublic,패션의류 여성의류 블라우스,https://bananarepublic.gap.com/browse/product.do?pid=746044002
BananarePublic,패션의류 여성의류 블라우스,https://bananarepublic.gap.com/browse/product.do?pid=892284002
BananarePublic,패션의류 여성의류 블라우스,https://bananarepublic.gap.com/browse/product.do?pid=817637012
BananarePublic,패션의류 여성의류 블라우스,https://bananarepublic.gap.com/browse/product.do?pid=755752002
BananarePublic,패션의류 여성의류 블라우스,https://bananarepublic.gap.com/browse/product.do?pid=882718012
BananarePublic,패션의류 여성의류 블라우스,https://bananarepublic.gap.com/browse/product.do?pid=884394012
BananarePublic,패션의류 여성의류 블라우스,https://bananarepublic.gap.com/browse/product.do?pid=817584012
BananarePublic,패션의류 여성의류 블라우스,https://bananarepublic.gap.com/browse/product.do?pid=755748022
BananarePublic,패션의류 여성의류 블라우스,https://bananarepublic.gap.com/browse/product.do?pid=758510022
BananarePublic,패션의류 여성의류 블라우스,https://bananarepublic.gap.com/browse/product.do?pid=755667022
BananarePublic,패션의류 여성의류 블라우스,https://bananarepublic.gap.com/browse/product.do?pid=817606002
BananarePublic,패션의류 여성의류 블라우스,https://bananarepublic.gap.com/browse/product.do?pid=634193012
BananarePublic,패션의류 여성의류 블라우스,https://bananarepublic.gap.com/browse/product.do?pid=817604012
BananarePublic,패션의류 여성의류 블라우스,https://bananarepublic.gap.com/browse/product.do?pid=808129012
BananarePublic,패션의류 여성의류 블라우스,https://bananarepublic.gap.com/browse/product.do?pid=757203002
BananarePublic,패션의류 여성의류 블라우스,https://bananarepublic.gap.com/browse/product.do?pid=817674002
BananarePublic,패션의류 여성의류 블라우스,https://bananarepublic.gap.com/browse/product.do?pid=890605012
BananarePublic,패션의류 여성의류 블라우스,https://bananarepublic.gap.com/browse/product.do?pid=861309032
BananarePublic,패션의류 여성의류 블라우스,https://bananarepublic.gap.com/browse/product.do?pid=883834012
BananarePublic,패션의류 여성의류 블라우스,https://bananarepublic.gap.com/browse/product.do?pid=817611022
BananarePublic,패션의류 여성의류 블라우스,https://bananarepublic.gap.com/browse/product.do?pid=755521002
BananarePublic,패션의류 여성의류 블라우스,https://bananarepublic.gap.com/browse/product.do?pid=817601012
BananarePublic,패션의류 여성의류 블라우스,https://bananarepublic.gap.com/browse/product.do?pid=788436002
BananarePublic,패션의류 여성의류 블라우스,https://bananarepublic.gap.com/browse/product.do?pid=755749022
BananarePublic,패션의류 여성의류 블라우스,https://bananarepublic.gap.com/browse/product.do?pid=841788012
BananarePublic,패션의류 여성의류 블라우스,https://bananarepublic.gap.com/browse/product.do?pid=817664002
BananarePublic,패션의류 여성의류 블라우스,https://bananarepublic.gap.com/browse/product.do?pid=817663002
BananarePublic,패션의류 여성의류 블라우스,https://bananarepublic.gap.com/browse/product.do?pid=821158002
BananarePublic,패션의류 여성의류 블라우스,https://bananarepublic.gap.com/browse/product.do?pid=756913002
BananarePublic,패션의류 여성의류 블라우스,https://bananarepublic.gap.com/browse/product.do?pid=850998012
BananarePublic,패션의류 여성의류 블라우스,https://bananarepublic.gap.com/browse/product.do?pid=634236002
BananarePublic,패션의류 여성의류 블라우스,https://bananarepublic.gap.com/browse/product.do?pid=809209002
BananarePublic,패션의류 여성의류 블라우스,https://bananarepublic.gap.com/browse/product.do?pid=746040032
BananarePublic,패션의류 여성의류 블라우스,https://bananarepublic.gap.com/browse/product.do?pid=817649002
BananarePublic,패션의류 여성의류 블라우스,https://bananarepublic.gap.com/browse/product.do?pid=755616012
BananarePublic,패션의류 여성의류 블라우스,https://bananarepublic.gap.com/browse/product.do?pid=882751002
BananarePublic,패션의류 여성의류 블라우스,https://bananarepublic.gap.com/browse/product.do?pid=817615002
BananarePublic,패션의류 여성의류 블라우스,https://bananarepublic.gap.com/browse/product.do?pid=579840002
BananarePublic,패션의류 여성의류 블라우스,https://bananarepublic.gap.com/browse/product.do?pid=755635002
BananarePublic,패션의류 여성의류 블라우스,https://bananarepublic.gap.com/browse/product.do?pid=755638002
BananarePublic,패션의류 여성의류 블라우스,https://bananarepublic.gap.com/browse/product.do?pid=817605012
BananarePublic,패션의류 여성의류 블라우스,https://bananarepublic.gap.com/browse/product.do?pid=755695002
BananarePublic,패션의류 여성의류 블라우스,https://bananarepublic.gap.com/browse/product.do?pid=808127002
BananarePublic,패션의류 여성의류 블라우스,https://bananarepublic.gap.com/browse/product.do?pid=861313002
